Close,SMA_20,RSI_14,MACD,MACD_Signal,MACD_Hist,BB_Upper,BB_Lower,ATR_14,OBV,Close_Lag_1,Close_Lag_2,Close_Lag_3,Close_Lag_5,Volume_Lag_1,Volume_Lag_3,Daily_Return,Volatility_20,High_Low_Range,Open_Close_Range,MACD_Hist_Slope
0.011889222,0.013572271,0.012142428,0.011354515,0.013744309,0.014756523,0.0118908165,0.011184529,0.012339225,0.015227702,0.013356794,0.013421518,0.010626801,0.013045933,0.010701361,0.012506366,0.014662627,0.012439322,0.011480469,0.010826319,0.016814554
