MSE,RMSE,MAE,R2,hyperparam_set,batch_size,epochs,walkforward_retrain_step
1499.7177734375,31.53476333618164,23.381507873535156,0.5631766772270203,5,64,40,25
