Close,SMA_20,RSI_14,MACD,MACD_Signal,MACD_Hist,BB_Upper,BB_Lower,ATR_14,OBV,Close_Lag_1,Close_Lag_2,Close_Lag_3,Close_Lag_5,Volume_Lag_1,Volume_Lag_3,Daily_Return,Volatility_20,High_Low_Range,Open_Close_Range,MACD_Hist_Slope
0.004184409,0.0034891667,0.004044609,0.0031333105,0.0044729714,0.0041717542,0.0037502956,0.0032257033,0.0033269192,0.005214581,0.0032781481,0.0036275033,0.003904168,0.004438154,0.0040247682,0.0035101348,0.004878748,0.0033623332,0.003275573,0.0039255056,0.003510436
