MSE,RMSE,MAE,R2,hyperparam_set
51.40660095214844,4.861725330352783,4.082251071929932,-1333.4679513549804,1
