Close,SMA_20,RSI_14,MACD,MACD_Signal,MACD_Hist,BB_Upper,BB_Lower,ATR_14,OBV,Close_Lag_1,Close_Lag_2,Close_Lag_3,Close_Lag_5,Volume_Lag_1,Volume_Lag_3,Daily_Return,Volatility_20,High_Low_Range,Open_Close_Range,MACD_Hist_Slope
0.0033299774,0.0023179187,0.0033415102,0.003280335,0.0025374487,0.0025194958,0.0024454095,0.0013236126,0.003983697,0.001735012,0.0035311757,0.003142774,0.002718965,0.0020545656,0.0018799491,0.0020767017,0.0016898639,0.0022570894,0.0042070653,0.0013917424,0.0016925782
