MSE,RMSE,MAE,R2,hyperparam_set,batch_size,epochs,walkforward_retrain_step
1155.4847412109375,24.81891632080078,17.127124786376953,0.7977475690841674,5,64,40,25
