Close,SMA_20,RSI_14,MACD,MACD_Signal,MACD_Hist,BB_Upper,BB_Lower,ATR_14,OBV,Close_Lag_1,Close_Lag_2,Close_Lag_3,Close_Lag_5,Volume_Lag_1,Volume_Lag_3,Daily_Return,Volatility_20,High_Low_Range,Open_Close_Range,MACD_Hist_Slope
0.0026155326,0.0022163366,0.0016830271,0.0009901932,0.0014795248,0.0012354046,0.0022015802,0.0018603961,0.0023126586,0.0021107206,0.002302102,0.0017712206,0.0015638525,0.0015832254,0.0009105861,0.0010814908,0.0010125198,0.0021778964,0.0018998533,0.0010697495,0.00082414463
