MSE,RMSE,MAE,R2,hyperparam_set,batch_size,epochs,walkforward_retrain_step
1066.6685791015625,26.790546417236328,19.527156829833984,0.6658675479888916,4,128,30,50
