Close,SMA_20,RSI_14,MACD,MACD_Signal,MACD_Hist,BB_Upper,BB_Lower,ATR_14,OBV,Close_Lag_1,Close_Lag_2,Close_Lag_3,Close_Lag_5,Volume_Lag_1,Volume_Lag_3,Daily_Return,Volatility_20,High_Low_Range,Open_Close_Range,MACD_Hist_Slope
0.0016194306,0.0012831747,0.00097211,0.0011379854,0.0011263744,0.0014394447,0.0016592896,0.0011094139,0.00093849597,0.0012571943,0.002671278,0.0017405632,0.0027131366,0.002092639,0.0011698335,0.0010863029,0.001260778,0.0010650648,0.0010243258,0.001455663,0.001357872
