MSE,RMSE,MAE,R2,hyperparam_set,batch_size,epochs,walkforward_retrain_step
2764.488037109375,42.78937911987305,32.55388259887695,0.23809805154800415,3,256,15,50
