open,high,low,close,volume,Stock
0.002945977,0.0032023636,0.0034307854,0.0037407822,0.00019906607,AAPL
