open,high,low,close,volume,Stock
0.0041039246,0.004777896,0.006733425,0.0066942307,0.0018024258,ABBV
