open,high,low,close,volume,Stock
0.0027171525,0.0028962563,0.0029474683,0.003135268,0.00045486848,AMZN
