open,high,low,close,volume,Stock
0.0038745382,0.0036727237,0.0044198134,0.0038667305,0.0003988762,AVGO
