open,high,low,close,volume,Stock
0.0019701086,0.004744154,0.0052749044,0.0067319837,0.0003773326,BAC
