open,high,low,close,volume,Stock
0.0027478319,0.0042673526,0.0045018746,0.004582089,0.00028741767,BRK-B
