open,high,low,close,volume,Stock
0.0033855184,0.0036697886,0.0037899693,0.0038472423,0.00024539192,COST
