open,high,low,close,volume,Stock
0.0028526345,0.0036991718,0.0026572526,0.0040154294,0.0011964404,GOOG
