open,high,low,close,volume,Stock
0.0038587064,0.003860573,0.0037455568,0.0040494883,0.0011930438,GOOGL
