open,high,low,close,volume,Stock
0.0020489164,0.0036435989,0.0042290487,0.0036895142,0.0003895628,HD
