open,high,low,close,volume,Stock
0.0007720697,0.0011580867,0.001103695,0.0015111222,0.00021351677,JNJ
