open,high,low,close,volume,Stock
0.0019353946,0.0043454943,0.003934841,0.0060390416,0.0001574064,JPM
