open,high,low,close,volume,Stock
0.0029935236,0.0033778287,0.0032989855,0.0038312124,6.286833e-05,LLY
