open,high,low,close,volume,Stock
0.0027042706,0.0037984257,0.0031030637,0.004765718,0.0007042836,MA
