open,high,low,close,volume,Stock
0.0043077194,0.003118641,0.0044839643,0.0051791677,0.0013363009,META
