open,high,low,close,volume,Stock
0.0020522473,0.0038007647,0.0031106381,0.004775288,0.00020441404,MSFT
