open,high,low,close,volume,Stock
0.0030701181,0.0047706068,0.0039567314,0.0043260525,0.00044409785,NFLX
