open,high,low,close,volume,Stock
0.0031668376,0.0033159668,0.004188656,0.004080052,9.765172e-05,NVDA
