open,high,low,close,volume,Stock
0.0026546346,0.004314314,0.003728636,0.005510478,0.00045499945,ORCL
