open,high,low,close,volume,Stock
0.0016488774,0.0013354294,0.0020322525,0.0017519689,0.00025593885,PG
