open,high,low,close,volume,Stock
0.0027745422,0.0056737172,0.004009241,0.004796066,0.00035213874,TSLA
