open,high,low,close,volume,Stock
0.0025365148,0.0028524299,0.0026990133,0.003454372,0.00039415606,UNH
