open,high,low,close,volume,Stock
0.002636068,0.0032126822,0.005155106,0.005739475,0.0018765187,V
