open,high,low,close,volume,Stock
0.0024210268,0.0036676214,0.003164481,0.0032311128,0.00019423451,WMT
