open,high,low,close,volume,Stock
0.0026707603,0.0033383255,0.0032577,0.003891177,0.00043744297,XOM
