Close,SMA_20,RSI_14,MACD,MACD_Signal,MACD_Hist,BB_Upper,BB_Lower,ATR_14,OBV,Close_Lag_1,Close_Lag_2,Close_Lag_3,Close_Lag_5,Volume_Lag_1,Volume_Lag_3,Daily_Return,Volatility_20,High_Low_Range,Open_Close_Range,MACD_Hist_Slope
0.003736364,0.0038758279,0.0035778466,0.0035864906,0.0038275155,0.0034072704,0.003394719,0.0035929126,0.004178754,0.004040323,0.003291772,0.0037251941,0.0030974748,0.004981972,0.00335455,0.0028710698,0.003319616,0.0031513476,0.004072605,0.0035759502,0.003435628
