Close,SMA_20,RSI_14,MACD,MACD_Signal,MACD_Hist,BB_Upper,BB_Lower,ATR_14,OBV,Close_Lag_1,Close_Lag_2,Close_Lag_3,Close_Lag_5,Volume_Lag_1,Volume_Lag_3,Daily_Return,Volatility_20,High_Low_Range,Open_Close_Range,MACD_Hist_Slope
0.002209062,0.0025467328,0.001094425,0.0011223531,0.0010950492,0.0011306114,0.0017156634,0.0015850832,0.001342513,0.0010771337,0.0021856616,0.002076198,0.0022072645,0.0024760491,0.0006817766,0.0009908522,0.001256648,0.001216133,0.0011241797,0.0012228554,0.00086054206
