Close,SMA_20,RSI_14,MACD,MACD_Signal,MACD_Hist,BB_Upper,BB_Lower,ATR_14,OBV,Close_Lag_1,Close_Lag_2,Close_Lag_3,Close_Lag_5,Volume_Lag_1,Volume_Lag_3,Daily_Return,Volatility_20,High_Low_Range,Open_Close_Range,MACD_Hist_Slope
0.0021650384,0.0017845695,0.00096774637,0.00093749026,0.0008880831,0.0009348935,0.0015585129,0.0016369154,0.0011263712,0.0012505928,0.0019009479,0.0013535486,0.0013686497,0.0013222327,0.00095734297,0.0009778768,0.0010309923,0.0012833403,0.0008552123,0.00075691496,0.0009025856
