MSE,RMSE,MAE,R2,hyperparam_set,batch_size,epochs,walkforward_retrain_step
4366.095703125,50.767784118652344,38.94744110107422,0.14955286502838136,2,256,10,100
