Close,SMA_20,RSI_14,MACD,MACD_Signal,MACD_Hist,BB_Upper,BB_Lower,ATR_14,OBV,Close_Lag_1,Close_Lag_2,Close_Lag_3,Close_Lag_5,Volume_Lag_1,Volume_Lag_3,Daily_Return,Volatility_20,High_Low_Range,Open_Close_Range,MACD_Hist_Slope
0.00554893,0.0039153527,0.006707773,0.0055592344,0.00784533,0.004801871,0.0057944315,0.0050847353,0.005576578,0.0057153357,0.006278507,0.0053741382,0.0058855326,0.004540408,0.0045947637,0.0055746227,0.0060660588,0.0047877003,0.0052036904,0.006022756,0.0048805373
