MSE,RMSE,MAE,R2,hyperparam_set,batch_size,epochs,walkforward_retrain_step
1849.6192626953125,35.30766296386719,26.514799118041992,0.4340931224822998,4,128,30,50
