Close,SMA_20,RSI_14,MACD,MACD_Signal,MACD_Hist,BB_Upper,BB_Lower,ATR_14,OBV,Close_Lag_1,Close_Lag_2,Close_Lag_3,Close_Lag_5,Volume_Lag_1,Volume_Lag_3,Daily_Return,Volatility_20,High_Low_Range,Open_Close_Range,MACD_Hist_Slope
0.003673018,0.0041817278,0.003118478,0.0042815683,0.0036636821,0.0041812016,0.0036268577,0.0043992056,0.00353488,0.0043057427,0.0040053753,0.005443111,0.0040662508,0.0040724827,0.0037032487,0.0029476958,0.0036544872,0.0040603094,0.004160356,0.004049609,0.0048701866
